<?xml version="1.0" encoding="UTF-8"?>
<project-private xmlns="http://www.netbeans.org/ns/project-private/1">
    <editor-bookmarks xmlns="http://www.netbeans.org/ns/editor-bookmarks/2" lastBookmarkId="0"/>
    <open-files xmlns="http://www.netbeans.org/ns/projectui-open-files/2">
        <group>
            <file>file:/C:/Users/jose/Desktop/Control-de-Tiempos-castroj96/ControlTiempos/src/GUI/AdministratorSQL.java</file>
            <file>file:/C:/Users/jose/Desktop/Control-de-Tiempos-castroj96/ControlTiempos/src/GUI/Main.java</file>
            <file>file:/C:/Users/jose/Desktop/Control-de-Tiempos-castroj96/ControlTiempos/src/controltiempos/ControlTiempos.java</file>
            <file>file:/C:/Users/jose/Desktop/Control-de-Tiempos-castroj96/ControlTiempos/src/BaseDatos/Acceso.java</file>
        </group>
    </open-files>
</project-private>
